,fc_252d,corr_252d,fc_2520d,corr_2520d,realised,realised_corr,realised_dd
1990-01-31,,,,,0.1114,0.4928,-0.123
1990-02-28,,,,,0.1134,0.4996,-0.123
1990-03-30,,,,,0.114,0.489,-0.123
1990-04-30,,,,,0.1159,0.4977,-0.123
1990-05-31,,,,,0.1157,0.5003,-0.123
1990-06-29,,,,,0.1155,0.5101,-0.123
1990-07-31,,,,,0.115,0.5157,-0.1089
1990-08-31,,,,,0.1048,0.4207,-0.0503
1990-09-28,,,,,0.1017,0.419,-0.0425
1990-10-31,,,,,0.0934,0.3422,-0.0395
1990-11-30,,,,,0.0926,0.3369,-0.0395
1990-12-31,,,,,0.0955,0.3654,-0.0343
1991-01-31,0.1115,0.493,,,0.0894,0.2903,-0.0343
1991-02-28,0.1134,0.5028,,,0.0865,0.2992,-0.0343
1991-03-28,0.1138,0.4892,,,0.0843,0.2844,-0.035
1991-04-30,0.1159,0.5,,,0.0831,0.2681,-0.0404
1991-05-31,0.1155,0.5001,,,0.0811,0.2415,-0.0404
1991-06-28,0.1155,0.5101,,,0.0789,0.2096,-0.0404
1991-07-31,0.115,0.5185,,,0.0793,0.2132,-0.0404
1991-08-30,0.1048,0.4207,,,0.0756,0.2289,-0.0404
1991-09-30,0.0997,0.4044,,,0.0771,0.2308,-0.0404
1991-10-31,0.0931,0.3383,,,0.0769,0.2202,-0.0404
1991-11-29,0.0926,0.3369,,,0.0731,0.2151,-0.0404
1991-12-31,0.0954,0.3835,,,0.0675,0.1766,-0.0404
1992-01-31,0.0895,0.2974,,,0.067,0.2294,-0.0348
1992-02-28,0.0865,0.3074,,,0.0666,0.1698,-0.0348
1992-03-31,0.083,0.2759,,,0.0688,0.1899,-0.0348
1992-04-30,0.0829,0.2647,,,0.067,0.1938,-0.0348
1992-05-29,0.0811,0.2415,,,0.0673,0.2034,-0.0348
1992-06-30,0.0787,0.2187,,,0.068,0.2464,-0.0348
1992-07-31,0.0792,0.2104,,,0.0674,0.27,-0.0348
1992-08-31,0.0755,0.2306,,,0.0668,0.272,-0.0348
1992-09-30,0.0771,0.2297,,,0.066,0.2831,-0.027
1992-10-30,0.0771,0.2236,,,0.0635,0.3078,-0.0258
1992-11-30,0.0722,0.207,,,0.0642,0.3154,-0.0297
1992-12-31,0.0677,0.1834,,,0.0638,0.3201,-0.0297
1993-01-29,0.067,0.2294,,,0.0639,0.3086,-0.0297
1993-02-26,0.0666,0.1698,,,0.066,0.426,-0.0336
1993-03-31,0.0688,0.1901,,,0.0657,0.4718,-0.0581
1993-04-30,0.0669,0.1946,,,0.0726,0.5704,-0.0864
1993-05-28,0.0675,0.21,,,0.0745,0.5951,-0.0865
1993-06-30,0.0676,0.2441,,,0.0755,0.6009,-0.0865
1993-07-30,0.0674,0.27,,,0.0761,0.6269,-0.0865
1993-08-31,0.0667,0.2688,,,0.0776,0.6361,-0.0865
1993-09-30,0.0661,0.2957,,,0.0787,0.6551,-0.0865
1993-10-29,0.0635,0.3078,,,0.0812,0.6494,-0.0865
1993-11-30,0.0643,0.3147,,,0.0818,0.647,-0.0865
1993-12-31,0.0639,0.3242,,,0.0828,0.6316,-0.0865
1994-01-31,0.0638,0.3091,,,0.0825,0.6456,-0.0853
1994-02-28,0.0657,0.4413,,,0.0803,0.6237,-0.0602
1994-03-31,0.065,0.4648,,,0.0785,0.6166,-0.0435
1994-04-29,0.0726,0.5704,,,0.0705,0.5593,-0.0435
1994-05-31,0.0742,0.5916,,,0.0679,0.4991,-0.0435
1994-06-30,0.0759,0.6045,,,0.0693,0.4838,-0.0435
1994-07-29,0.0761,0.6269,,,0.0711,0.4942,-0.0435
1994-08-31,0.0776,0.6357,,,0.0693,0.4693,-0.0405
1994-09-30,0.0786,0.6539,,,0.0671,0.4514,-0.0313
1994-10-31,0.0812,0.6561,,,0.0646,0.4375,-0.0229
1994-11-30,0.0818,0.6447,,,0.0628,0.4604,-0.0201
1994-12-30,0.0828,0.6316,,,0.0633,0.462,-0.0201
1995-01-31,0.0825,0.6456,,,0.0671,0.4646,-0.0279
1995-02-28,0.0803,0.6237,,,0.0708,0.495,-0.03
1995-03-31,0.0785,0.6166,,,0.0776,0.5367,-0.0459
1995-04-28,0.0705,0.5593,,,0.0819,0.5645,-0.0521
1995-05-31,0.0687,0.4867,,,0.0832,0.6204,-0.0521
1995-06-30,0.0693,0.484,,,0.0807,0.5992,-0.0521
1995-07-31,0.071,0.4938,,,0.0851,0.5814,-0.0521
1995-08-31,0.0693,0.4699,,,0.0886,0.6156,-0.0521
1995-09-29,0.0671,0.4514,,,0.0897,0.624,-0.0521
1995-10-31,0.064,0.4298,,,0.0905,0.6343,-0.0521
1995-11-30,0.0623,0.4536,,,0.0906,0.6307,-0.0521
1995-12-29,0.0633,0.462,,,0.0925,0.6271,-0.0521
1996-01-31,0.0673,0.4648,,,0.0926,0.6236,-0.0521
1996-02-29,0.071,0.4966,,,0.0928,0.6089,-0.0465
1996-03-29,0.0776,0.5367,,,0.0912,0.5865,-0.0575
1996-04-30,0.0819,0.5636,,,0.0942,0.5746,-0.0724
1996-05-31,0.0834,0.63,,,0.095,0.5487,-0.0724
1996-06-28,0.0807,0.5992,,,0.0982,0.5626,-0.0724
1996-07-31,0.0854,0.5858,,,0.0959,0.5718,-0.0724
1996-08-30,0.0889,0.6183,,,0.0985,0.5275,-0.0724
1996-09-30,0.0897,0.6254,,,0.1027,0.5393,-0.0724
1996-10-31,0.0902,0.6324,,,0.1153,0.3526,-0.0724
1996-11-29,0.0907,0.6299,,,0.1181,0.3308,-0.0724
1996-12-31,0.0935,0.6345,,,0.117,0.2607,-0.0724
1997-01-31,0.093,0.6214,,,0.1184,0.1886,-0.0724
1997-02-28,0.0925,0.6072,,,0.1165,0.1696,-0.0651
1997-03-31,0.0912,0.5865,,,0.1139,0.1398,-0.0631
1997-04-30,0.0944,0.5763,,,0.1118,0.1331,-0.0631
1997-05-30,0.095,0.5487,,,0.1098,0.1064,-0.0631
1997-06-30,0.0982,0.5641,,,0.1084,0.0393,-0.0631
1997-07-31,0.0951,0.5649,,,0.1078,-0.0093,-0.0631
1997-08-29,0.0985,0.5275,,,0.116,-0.1297,-0.1037
1997-09-30,0.1028,0.541,,,0.1233,-0.2758,-0.1037
1997-10-31,0.1154,0.3515,,,0.1182,-0.2361,-0.1037
1997-11-28,0.1181,0.3308,,,0.1165,-0.2507,-0.1037
1997-12-31,0.1168,0.2576,,,0.1177,-0.2569,-0.1037
1998-01-30,0.1179,0.1958,,,0.1183,-0.2777,-0.1037
1998-02-27,0.1164,0.1683,,,0.1232,-0.2359,-0.1037
1998-03-31,0.114,0.1412,,,0.1259,-0.241,-0.1037
1998-04-30,0.1118,0.1331,,,0.1269,-0.2562,-0.1037
1998-05-29,0.1099,0.1083,,,0.1311,-0.2109,-0.1037
1998-06-30,0.1084,0.0393,,,0.1335,-0.1466,-0.1037
1998-07-31,0.1078,-0.0093,,,0.1334,-0.1283,-0.071
1998-08-31,0.116,-0.1297,,,0.1275,-0.0195,-0.0707
1998-09-30,0.1233,-0.2758,,,0.1205,0.0986,-0.0707
1998-10-30,0.1183,-0.2309,,,0.1208,0.16,-0.0783
1998-11-30,0.1165,-0.2507,,,0.1208,0.1999,-0.0783
1998-12-31,0.1177,-0.2569,,,0.1186,0.259,-0.0783
1999-01-29,0.1182,-0.2837,,,0.1214,0.2779,-0.0783
1999-02-26,0.1231,-0.2389,,,0.1199,0.2292,-0.0783
1999-03-31,0.1259,-0.241,,,0.1254,0.2391,-0.0783
1999-04-30,0.1269,-0.2562,,,0.1305,0.1155,-0.0783
1999-05-28,0.1311,-0.2109,,,0.1309,0.0817,-0.0783
1999-06-30,0.1335,-0.1466,,,0.1311,0.0489,-0.0783
1999-07-30,0.1339,-0.1279,,,0.1314,0.0348,-0.0688
1999-08-31,0.1275,-0.0195,,,0.1267,-0.0392,-0.0688
1999-09-30,0.1205,0.0986,,,0.1244,-0.0592,-0.0688
1999-10-29,0.1208,0.1518,,,0.1237,-0.1056,-0.0755
1999-11-30,0.1208,0.1999,,,0.1261,-0.1333,-0.0755
1999-12-31,0.1186,0.259,0.0954,0.2738,0.1317,-0.1585,-0.0785
2000-01-31,0.1221,0.2729,0.0958,0.2662,0.129,-0.2489,-0.0785
2000-02-29,0.1201,0.2281,0.0959,0.2588,0.1284,-0.2482,-0.0816
2000-03-31,0.1247,0.2211,0.097,0.2555,0.1274,-0.3031,-0.1271
2000-04-28,0.1305,0.1155,0.098,0.236,0.1272,-0.2828,-0.1383
2000-05-31,0.1319,0.0694,0.0985,0.2279,0.1242,-0.2649,-0.1383
2000-06-30,0.1311,0.046,0.0987,0.228,0.1227,-0.2783,-0.1383
2000-07-31,0.1315,0.035,0.0985,0.2226,0.1232,-0.296,-0.1383
2000-08-31,0.1268,-0.0366,0.0976,0.2154,0.1234,-0.329,-0.1383
2000-09-29,0.1247,-0.0614,0.097,0.2107,0.1303,-0.3608,-0.1608
2000-10-31,0.1244,-0.1117,0.0971,0.2002,0.1286,-0.3365,-0.1608
2000-11-30,0.1264,-0.1365,0.0974,0.1963,0.1279,-0.3047,-0.1608
2000-12-29,0.1317,-0.1585,0.098,0.1886,0.1232,-0.2867,-0.1608
2001-01-31,0.1287,-0.2534,0.0978,0.1632,0.1211,-0.2526,-0.1608
2001-02-28,0.1284,-0.2482,0.0979,0.16,0.1217,-0.2619,-0.1393
2001-03-30,0.1272,-0.3059,0.0986,0.1468,0.1142,-0.2289,-0.1393
2001-04-30,0.1272,-0.2828,0.0995,0.1336,0.1074,-0.2079,-0.1393
2001-05-31,0.1242,-0.2649,0.0996,0.1304,0.108,-0.2868,-0.132
2001-06-29,0.1225,-0.2814,0.0996,0.1293,0.1119,-0.3272,-0.1134
2001-07-31,0.1232,-0.296,0.0999,0.1263,0.1276,-0.3885,-0.1785
2001-08-31,0.1234,-0.329,0.0998,0.1186,0.1362,-0.3747,-0.175
2001-09-28,0.1304,-0.3656,0.1008,0.1052,0.133,-0.3838,-0.175
2001-10-31,0.1278,-0.3562,0.1012,0.1026,0.1399,-0.4576,-0.175
2001-11-30,0.1277,-0.3013,0.1012,0.1023,0.139,-0.5489,-0.175
2001-12-31,0.1232,-0.2885,0.1012,0.0968,0.1391,-0.5841,-0.175
2002-01-31,0.1207,-0.243,0.1013,0.0916,0.1415,-0.5978,-0.175
2002-02-28,0.1213,-0.2496,0.1015,0.0872,0.1412,-0.6062,-0.175
2002-03-28,0.1162,-0.2422,0.1017,0.0854,0.1439,-0.6424,-0.16
2002-04-30,0.107,-0.221,0.1017,0.0806,0.145,-0.6445,-0.1508
2002-05-31,0.1075,-0.275,0.1021,0.0705,0.1438,-0.6231,-0.1305
2002-06-28,0.1093,-0.3067,0.1025,0.0642,0.1423,-0.6086,-0.1068
2002-07-31,0.1245,-0.3644,0.1045,0.0423,0.1293,-0.5461,-0.0951
2002-08-30,0.1345,-0.3572,0.1058,0.0302,0.12,-0.5185,-0.0748
2002-09-30,0.133,-0.3838,0.1065,0.0141,0.1136,-0.4844,-0.0665
2002-10-31,0.1399,-0.4576,0.1077,-0.0086,0.1016,-0.4233,-0.0665
2002-11-29,0.139,-0.5489,0.108,-0.0236,0.0986,-0.3662,-0.0665
2002-12-31,0.1391,-0.5841,0.1083,-0.0278,0.0959,-0.3518,-0.0665
2003-01-31,0.1415,-0.5978,0.1087,-0.0404,0.0909,-0.2865,-0.0635
2003-02-28,0.1412,-0.6062,0.1089,-0.0422,0.0885,-0.2586,-0.0635
2003-03-31,0.1441,-0.6442,0.1094,-0.0558,0.0836,-0.1687,-0.0635
2003-04-30,0.145,-0.6445,0.1095,-0.0606,0.0819,-0.1218,-0.0635
2003-05-30,0.1438,-0.6234,0.1097,-0.0643,0.0805,-0.09,-0.0635
2003-06-30,0.1423,-0.6086,0.1098,-0.0676,0.0787,-0.0548,-0.0605
2003-07-31,0.1293,-0.5461,0.1102,-0.0655,0.0735,-0.1158,-0.0605
2003-08-29,0.12,-0.5162,0.1104,-0.0632,0.0715,-0.2013,-0.0605
2003-09-30,0.1136,-0.4844,0.1105,-0.0692,0.0699,-0.1524,-0.0605
2003-10-31,0.1016,-0.4233,0.1106,-0.0723,0.069,-0.1623,-0.0605
2003-11-28,0.0985,-0.3646,0.1105,-0.0754,0.0701,-0.1063,-0.0605
2003-12-31,0.0959,-0.3518,0.1106,-0.0772,0.0704,-0.0804,-0.0605
2004-01-30,0.0912,-0.2856,0.1107,-0.0789,0.0696,-0.0789,-0.0605
2004-02-27,0.0884,-0.2573,0.1105,-0.0819,0.0701,-0.0836,-0.0605
2004-03-31,0.0833,-0.1689,0.1106,-0.0859,0.0688,-0.0209,-0.0487
2004-04-30,0.082,-0.1226,0.1102,-0.0951,0.0684,-0.0784,-0.0374
2004-05-28,0.0805,-0.09,0.1101,-0.0993,0.067,-0.1152,-0.0374
2004-06-30,0.0787,-0.0548,0.11,-0.1009,0.0658,-0.1332,-0.0374
2004-07-30,0.0735,-0.1186,0.11,-0.1042,0.0663,-0.0941,-0.0374
2004-08-31,0.0715,-0.2013,0.11,-0.1105,0.0654,-0.0335,-0.0374
2004-09-30,0.0699,-0.1524,0.1099,-0.1139,0.0657,-0.0222,-0.0374
2004-10-29,0.069,-0.1608,0.1098,-0.1186,0.0682,0.0298,-0.0402
2004-11-30,0.0701,-0.1063,0.1097,-0.1191,0.0669,0.0078,-0.0402
2004-12-31,0.0704,-0.0804,0.1097,-0.1194,0.0659,-0.0012,-0.0402
2005-01-31,0.0696,-0.0789,0.1097,-0.1212,0.0663,-0.0005,-0.0402
2005-02-28,0.0701,-0.0836,0.1098,-0.1222,0.0652,-0.0231,-0.0402
2005-03-31,0.0688,-0.0183,0.1099,-0.1208,0.0632,-0.0636,-0.0402
2005-04-29,0.0685,-0.0796,0.1101,-0.1231,0.0614,0.0223,-0.0402
2005-05-31,0.067,-0.1152,0.11,-0.1251,0.0635,0.0577,-0.0402
2005-06-30,0.0656,-0.1318,0.1098,-0.1295,0.0673,0.0396,-0.0402
2005-07-29,0.0663,-0.0941,0.1097,-0.1326,0.0696,0.0558,-0.0402
2005-08-31,0.0662,-0.0152,0.1098,-0.1324,0.0687,0.0631,-0.0402
2005-09-30,0.0654,-0.009,0.1097,-0.1353,0.0688,0.0951,-0.0401
2005-10-31,0.0683,0.0311,0.1099,-0.1358,0.0652,0.1146,-0.0401
2005-11-30,0.0665,0.0127,0.1099,-0.1366,0.0653,0.1134,-0.0401
2005-12-30,0.0659,-0.0012,0.1098,-0.1379,0.065,0.1114,-0.0401
2006-01-31,0.0663,-0.0005,0.1097,-0.1414,0.0639,0.1332,-0.0401
2006-02-28,0.0652,-0.0231,0.1094,-0.1459,0.0653,0.0634,-0.0401
2006-03-31,0.0632,-0.0598,0.1089,-0.1546,0.067,-0.0013,-0.0386
2006-04-28,0.0615,0.0147,0.1087,-0.1596,0.0661,-0.0307,-0.0386
2006-05-31,0.0635,0.0577,0.1087,-0.1622,0.0631,-0.0832,-0.0289
2006-06-30,0.0673,0.0396,0.1089,-0.1632,0.0638,0.0213,-0.0289
2006-07-31,0.0696,0.0558,0.1086,-0.1682,0.0638,-0.1344,-0.0293
2006-08-31,0.0687,0.0631,0.1084,-0.1727,0.0728,-0.269,-0.0441
2006-09-29,0.0688,0.0959,0.1082,-0.1763,0.0757,-0.2798,-0.0441
2006-10-31,0.0652,0.1146,0.1082,-0.1779,0.0778,-0.3508,-0.0441
2006-11-30,0.0653,0.1134,0.1081,-0.1793,0.0843,-0.4319,-0.0441
2006-12-29,0.0651,0.1146,0.1078,-0.1828,0.0869,-0.4669,-0.0441
2007-01-31,0.0639,0.1332,0.1076,-0.186,0.0938,-0.465,-0.0607
2007-02-28,0.0655,0.0561,0.1075,-0.191,0.0959,-0.4412,-0.0607
2007-03-30,0.067,0.0038,0.1074,-0.195,0.103,-0.5171,-0.0695
2007-04-30,0.0661,-0.0303,0.1068,-0.1996,0.1039,-0.5253,-0.0695
2007-05-31,0.0632,-0.0848,0.1063,-0.2061,0.1054,-0.5141,-0.0695
2007-06-29,0.0648,0.0245,0.1063,-0.2049,0.1058,-0.5659,-0.0727
2007-07-31,0.0636,-0.1369,0.1061,-0.2133,0.1086,-0.5605,-0.095
2007-08-31,0.0726,-0.268,0.1062,-0.2241,0.1066,-0.5555,-0.095
2007-09-28,0.0752,-0.2855,0.1059,-0.2305,0.1275,-0.6064,-0.1267
2007-10-31,0.0769,-0.3282,0.1057,-0.2362,0.1921,-0.4482,-0.253
2007-11-30,0.0843,-0.429,0.1049,-0.2399,0.2212,-0.4597,-0.2824
2007-12-31,0.0868,-0.4595,0.1049,-0.2433,0.2294,-0.4423,-0.2764
2008-01-31,0.0938,-0.465,0.1051,-0.2462,0.2345,-0.4389,-0.2764
2008-02-29,0.0965,-0.4569,0.1054,-0.2494,0.2399,-0.4438,-0.2891
2008-03-31,0.1015,-0.5069,0.1058,-0.262,0.2509,-0.3806,-0.3026
2008-04-30,0.1039,-0.5252,0.1059,-0.2686,0.254,-0.3836,-0.3026
2008-05-30,0.1054,-0.5141,0.1058,-0.2728,0.2584,-0.365,-0.2919
2008-06-30,0.1058,-0.5659,0.106,-0.2748,0.2588,-0.3485,-0.2721
2008-07-31,0.1086,-0.5632,0.1063,-0.2782,0.2586,-0.344,-0.2721
2008-08-29,0.1068,-0.5564,0.1062,-0.2807,0.2577,-0.3432,-0.2658
2008-09-30,0.1296,-0.6256,0.1068,-0.3034,0.2468,-0.2819,-0.2271
2008-10-31,0.192,-0.4447,0.1152,-0.2851,0.2031,-0.3416,-0.1785
2008-11-28,0.2166,-0.4418,0.1198,-0.2945,0.175,-0.3053,-0.1785
2008-12-31,0.2294,-0.4426,0.1219,-0.2983,0.157,-0.2816,-0.1785
2009-01-30,0.2345,-0.4389,0.1231,-0.298,0.1461,-0.2827,-0.1297
2009-02-27,0.2389,-0.4426,0.1237,-0.3039,0.1372,-0.2695,-0.044
2009-03-31,0.2505,-0.3757,0.1262,-0.2992,0.1082,-0.3301,-0.044
2009-04-30,0.254,-0.3836,0.1266,-0.3048,0.1002,-0.3166,-0.044
2009-05-29,0.2582,-0.3607,0.1272,-0.3033,0.0976,-0.4687,-0.0514
2009-06-30,0.2588,-0.3485,0.1271,-0.3063,0.0993,-0.5251,-0.0597
2009-07-31,0.2586,-0.344,0.1272,-0.3111,0.0993,-0.5403,-0.065
2009-08-31,0.2577,-0.3432,0.1269,-0.3185,0.0989,-0.5573,-0.065
2009-09-30,0.2468,-0.2819,0.1266,-0.3241,0.0988,-0.5719,-0.065
2009-10-30,0.2032,-0.3414,0.1265,-0.3284,0.0953,-0.5526,-0.065
2009-11-30,0.175,-0.3053,0.1263,-0.3309,0.0957,-0.5189,-0.065
2009-12-31,0.157,-0.2816,0.1261,-0.3328,0.0963,-0.4845,-0.065
2010-01-29,0.1467,-0.2804,0.1259,-0.3359,0.0943,-0.4833,-0.065
2010-02-26,0.1381,-0.2648,0.1257,-0.3376,0.0922,-0.4826,-0.065
2010-03-31,0.1082,-0.3301,0.1247,-0.3396,0.0936,-0.5183,-0.065
2010-04-30,0.1002,-0.3166,0.1239,-0.3404,0.0926,-0.4995,-0.0627
2010-05-28,0.0976,-0.4687,0.1241,-0.3478,0.0815,-0.4639,-0.0429
2010-06-30,0.0993,-0.5251,0.1242,-0.3532,0.0756,-0.4529,-0.0324
2010-07-30,0.0988,-0.532,0.1243,-0.3566,0.0733,-0.4457,-0.0324
2010-08-31,0.0989,-0.5573,0.1242,-0.3604,0.1028,-0.4172,-0.083
2010-09-30,0.0988,-0.5719,0.1243,-0.3635,0.1071,-0.457,-0.083
2010-10-29,0.0962,-0.5613,0.1238,-0.3628,0.1135,-0.5048,-0.083
2010-11-30,0.0957,-0.5189,0.1236,-0.3604,0.1172,-0.5646,-0.083
2010-12-31,0.0963,-0.4845,0.123,-0.3587,0.1208,-0.6126,-0.083
2011-01-31,0.0941,-0.4828,0.1226,-0.3543,0.1205,-0.6179,-0.083
2011-02-28,0.0921,-0.4832,0.1224,-0.3551,0.1197,-0.6245,-0.083
2011-03-31,0.0935,-0.5174,0.1217,-0.3585,0.119,-0.6065,-0.083
2011-04-29,0.0926,-0.4995,0.1208,-0.3575,0.1198,-0.6138,-0.083
2011-05-31,0.0812,-0.4621,0.1205,-0.3602,0.1204,-0.6155,-0.083
2011-06-30,0.0757,-0.4541,0.1203,-0.3645,0.1216,-0.6207,-0.083
2011-07-29,0.0733,-0.4457,0.1202,-0.3653,0.1207,-0.6396,-0.0662
2011-08-31,0.1019,-0.4085,0.1224,-0.3686,0.0947,-0.6875,-0.0499
2011-09-30,0.1078,-0.4603,0.1221,-0.3726,0.0871,-0.6526,-0.0499
2011-10-31,0.1139,-0.5135,0.1224,-0.3803,0.0783,-0.6221,-0.0499
2011-11-30,0.1192,-0.5622,0.1228,-0.3886,0.0672,-0.6127,-0.0372
2011-12-30,0.1208,-0.6126,0.1227,-0.3947,0.0652,-0.606,-0.0372
2012-01-31,0.1205,-0.6179,0.1226,-0.3939,0.0646,-0.6113,-0.0372
2012-02-29,0.1194,-0.6239,0.1222,-0.3947,0.066,-0.6157,-0.0372
2012-03-30,0.119,-0.6065,0.122,-0.3965,0.0649,-0.6228,-0.0372
2012-04-30,0.1198,-0.6138,0.1219,-0.3969,0.0652,-0.6233,-0.0372
2012-05-31,0.1199,-0.6125,0.1216,-0.396,0.0646,-0.5798,-0.0372
2012-06-29,0.1216,-0.6207,0.1215,-0.3983,0.0665,-0.4126,-0.0537
2012-07-31,0.1207,-0.6396,0.1198,-0.395,0.0659,-0.3462,-0.0537
2012-08-31,0.0947,-0.6827,0.1186,-0.3963,0.0674,-0.3131,-0.0537
2012-09-28,0.0881,-0.6554,0.1179,-0.3919,0.0678,-0.263,-0.0537
2012-10-31,0.0787,-0.6334,0.1167,-0.3854,0.0701,-0.2062,-0.0537
2012-11-30,0.0708,-0.6143,0.1166,-0.3818,0.0684,-0.1609,-0.0537
2012-12-31,0.0643,-0.5999,0.1163,-0.3808,0.0684,-0.1287,-0.0537
2013-01-31,0.0644,-0.6107,0.1159,-0.3774,0.0694,-0.1451,-0.0537
2013-02-28,0.0661,-0.613,0.1157,-0.3771,0.0699,-0.1251,-0.0537
2013-03-28,0.0646,-0.6221,0.1151,-0.3733,0.0704,-0.1444,-0.0537
2013-04-30,0.0649,-0.6224,0.1149,-0.3728,0.0698,-0.1415,-0.0537
2013-05-31,0.0645,-0.5923,0.1147,-0.3735,0.0686,-0.135,-0.0411
2013-06-28,0.0677,-0.4229,0.1148,-0.3702,0.061,-0.2174,-0.0299
2013-07-31,0.0658,-0.3412,0.1145,-0.3726,0.0612,-0.2575,-0.0299
2013-08-30,0.0676,-0.3083,0.1144,-0.3766,0.0591,-0.2802,-0.0244
2013-09-30,0.0679,-0.2635,0.1143,-0.3748,0.0585,-0.3254,-0.0244
2013-10-31,0.0701,-0.2062,0.1144,-0.3727,0.061,-0.3916,-0.0345
2013-11-29,0.0682,-0.1637,0.1144,-0.3718,0.0598,-0.3984,-0.0345
2013-12-31,0.0684,-0.1287,0.1144,-0.3718,0.0611,-0.4692,-0.0345
2014-01-31,0.0694,-0.1451,0.1143,-0.3741,0.0623,-0.518,-0.0345
2014-02-28,0.0699,-0.1251,0.1144,-0.3757,0.0611,-0.5014,-0.0345
2014-03-31,0.0705,-0.143,0.1142,-0.3777,0.0664,-0.3769,-0.0345
2014-04-30,0.0698,-0.1415,0.1141,-0.3807,0.0649,-0.3599,-0.0345
2014-05-30,0.0693,-0.1287,0.1139,-0.3841,0.067,-0.3134,-0.0345
2014-06-30,0.061,-0.2174,0.1138,-0.3862,0.0681,-0.3441,-0.0345
2014-07-31,0.0612,-0.2575,0.1138,-0.3868,0.0681,-0.3611,-0.0345
2014-08-29,0.0591,-0.2809,0.1137,-0.3862,0.0798,-0.3495,-0.0699
2014-09-30,0.0585,-0.3254,0.1137,-0.3866,0.085,-0.3859,-0.0699
2014-10-31,0.061,-0.3916,0.1139,-0.3863,0.0825,-0.3926,-0.0699
2014-11-28,0.0595,-0.4048,0.1138,-0.3876,0.0841,-0.3904,-0.0699
2014-12-31,0.0611,-0.4692,0.1138,-0.3912,0.087,-0.354,-0.0699
2015-01-30,0.062,-0.5223,0.1139,-0.3945,0.0921,-0.3097,-0.0699
2015-02-27,0.0611,-0.5,0.1139,-0.3948,0.094,-0.3496,-0.0699
2015-03-31,0.0664,-0.3769,0.114,-0.3942,0.0911,-0.4195,-0.0699
2015-04-30,0.0649,-0.3599,0.1139,-0.3942,0.0914,-0.4244,-0.0668
2015-05-29,0.067,-0.3137,0.1139,-0.3925,0.0906,-0.4587,-0.0663
2015-06-30,0.0681,-0.3441,0.1139,-0.3944,0.0925,-0.4974,-0.0663
2015-07-31,0.0681,-0.3611,0.1139,-0.3958,0.0922,-0.4793,-0.0663
2015-08-31,0.0798,-0.3495,0.1146,-0.3969,0.082,-0.4892,-0.0627
2015-09-30,0.085,-0.3859,0.1149,-0.4001,0.0796,-0.4111,-0.0627
2015-10-30,0.0825,-0.392,0.1149,-0.4019,0.0781,-0.382,-0.0627
2015-11-30,0.0841,-0.3904,0.1149,-0.4025,0.0773,-0.3925,-0.0627
2015-12-31,0.087,-0.354,0.1152,-0.4023,0.0726,-0.3884,-0.0381
2016-01-29,0.0922,-0.316,0.1157,-0.403,0.0631,-0.3974,-0.0337
2016-02-29,0.094,-0.3496,0.1159,-0.4054,0.0582,-0.3462,-0.0337
2016-03-31,0.0911,-0.4195,0.1159,-0.4069,0.0571,-0.3245,-0.0337
2016-04-29,0.0914,-0.4244,0.1158,-0.409,0.0558,-0.3279,-0.0337
2016-05-31,0.0906,-0.4595,0.1157,-0.4112,0.0544,-0.3295,-0.0337
2016-06-30,0.0928,-0.4942,0.1157,-0.4148,0.0501,-0.1917,-0.0337
2016-07-29,0.0922,-0.4802,0.1155,-0.4163,0.0497,-0.1667,-0.0337
2016-08-31,0.0803,-0.4889,0.1154,-0.4171,0.0506,-0.1948,-0.0337
2016-09-30,0.0796,-0.4131,0.1156,-0.4153,0.0432,-0.3103,-0.0253
2016-10-31,0.0781,-0.382,0.1156,-0.4152,0.0417,-0.3392,-0.0159
2016-11-30,0.077,-0.3975,0.1156,-0.4156,0.0394,-0.3331,-0.0159
2016-12-30,0.0726,-0.3884,0.1157,-0.4151,0.0376,-0.3787,-0.0159
2017-01-31,0.0631,-0.3983,0.1156,-0.4156,0.0396,-0.3352,-0.0159
2017-02-28,0.0582,-0.3462,0.1156,-0.4165,0.059,-0.2269,-0.0672
2017-03-31,0.057,-0.325,0.1153,-0.4151,0.0667,-0.2867,-0.0672
2017-04-28,0.0559,-0.3282,0.1153,-0.4157,0.0704,-0.2646,-0.0672
2017-05-31,0.0544,-0.3295,0.1152,-0.416,0.0715,-0.258,-0.0672
2017-06-30,0.0501,-0.1917,0.115,-0.4192,0.071,-0.303,-0.0672
2017-07-31,0.0497,-0.1667,0.1148,-0.4176,0.0718,-0.313,-0.0672
2017-08-31,0.0506,-0.1948,0.1142,-0.4157,0.0712,-0.3058,-0.0672
2017-09-29,0.0432,-0.3142,0.114,-0.4163,0.0716,-0.2865,-0.0672
2017-10-31,0.0417,-0.3392,0.1138,-0.4154,0.0806,-0.3255,-0.0672
2017-11-30,0.0394,-0.3331,0.1132,-0.4115,0.0861,-0.2984,-0.0672
2017-12-29,0.0375,-0.3749,0.113,-0.4098,0.0973,-0.3414,-0.1076
2018-01-31,0.0396,-0.3352,0.1126,-0.4077,0.1001,-0.3858,-0.1076
2018-02-28,0.059,-0.2269,0.113,-0.4078,0.0909,-0.4302,-0.1076
2018-03-29,0.0652,-0.2804,0.1127,-0.4018,0.0871,-0.4263,-0.1076
2018-04-30,0.0704,-0.2646,0.1127,-0.3989,0.0831,-0.4252,-0.1076
2018-05-31,0.0715,-0.258,0.1126,-0.3997,0.0843,-0.4595,-0.1076
2018-06-29,0.071,-0.3024,0.1123,-0.398,0.0857,-0.4303,-0.1076
2018-07-31,0.0718,-0.313,0.1119,-0.3961,0.0854,-0.4313,-0.1076
2018-08-31,0.0712,-0.3058,0.1115,-0.3945,0.0909,-0.4939,-0.1066
2018-09-28,0.0716,-0.2862,0.1099,-0.3865,0.0912,-0.4885,-0.1064
2018-10-31,0.0806,-0.3255,0.0996,-0.4061,0.0852,-0.4937,-0.0883
2018-11-30,0.0861,-0.2984,0.0941,-0.402,0.08,-0.5021,-0.0883
2018-12-31,0.0973,-0.3434,0.0921,-0.4011,0.0654,-0.5225,-0.0247
2019-01-31,0.1001,-0.388,0.0908,-0.4025,0.0616,-0.5129,-0.0247
2019-02-28,0.091,-0.4309,0.0889,-0.4025,0.0709,-0.525,-0.064
2019-03-29,0.0875,-0.4151,0.085,-0.4261,0.1665,-0.4773,-0.1869
2019-04-30,0.0831,-0.4273,0.0834,-0.4251,0.1794,-0.4864,-0.1869
2019-05-31,0.0843,-0.4609,0.0822,-0.4373,0.1817,-0.4767,-0.1869
2019-06-28,0.0857,-0.4322,0.0818,-0.4387,0.1862,-0.4946,-0.1869
2019-07-31,0.0855,-0.4278,0.081,-0.4417,0.1871,-0.5009,-0.1869
2019-08-30,0.0907,-0.4938,0.0813,-0.4467,0.1849,-0.482,-0.1869
2019-09-30,0.091,-0.4874,0.0811,-0.4473,0.1891,-0.4807,-0.1869
2019-10-31,0.0853,-0.4933,0.0809,-0.449,0.1912,-0.4811,-0.1869
2019-11-29,0.0798,-0.5074,0.0803,-0.4488,0.1931,-0.4748,-0.1869
2019-12-31,0.0654,-0.5225,0.0802,-0.4471,0.1932,-0.4816,-0.1869
2020-01-31,0.0616,-0.5129,0.08,-0.4488,0.1947,-0.4692,-0.1869
2020-02-28,0.0709,-0.525,0.0804,-0.4501,0.1933,-0.4333,-0.1663
2020-03-31,0.1667,-0.4749,0.0935,-0.4455,0.1227,-0.2905,-0.0582
2020-04-30,0.1794,-0.4862,0.0957,-0.4432,0.105,-0.2096,-0.0582
2020-05-29,0.1818,-0.478,0.0954,-0.4365,0.102,-0.1586,-0.0582
2020-06-30,0.1864,-0.4949,0.0957,-0.4339,0.0926,-0.036,-0.0582
2020-07-31,0.1871,-0.5012,0.0953,-0.432,0.0914,-0.0687,-0.0582
2020-08-31,0.1849,-0.482,0.0951,-0.4293,0.0915,-0.063,-0.0582
2020-09-30,0.189,-0.4806,0.0957,-0.4239,0.0847,-0.0533,-0.0479
2020-10-30,0.1912,-0.4811,0.0961,-0.4256,0.0795,-0.0253,-0.0376
2020-11-30,0.1931,-0.4748,0.0961,-0.4295,0.0765,-0.0716,-0.0376
2020-12-31,0.1931,-0.483,0.0961,-0.4331,0.0799,-0.1065,-0.0376
2021-01-29,0.1947,-0.4725,0.0964,-0.4331,0.0816,-0.0831,-0.0694
2021-02-26,0.1928,-0.4307,0.0966,-0.4263,0.0859,-0.1249,-0.0868
2021-03-31,0.1227,-0.2905,0.0968,-0.4185,0.0889,-0.1803,-0.097
2021-04-30,0.105,-0.2096,0.0969,-0.4173,0.0979,-0.1423,-0.1232
2021-05-28,0.102,-0.1586,0.0972,-0.4123,0.1071,-0.1905,-0.1495
2021-06-30,0.0926,-0.036,0.097,-0.409,0.121,-0.0848,-0.1909
2021-07-30,0.0915,-0.0672,0.0969,-0.4092,0.1252,-0.0573,-0.1909
2021-08-31,0.0915,-0.063,0.0941,-0.4032,0.1305,-0.0223,-0.1909
2021-09-30,0.0847,-0.0533,0.0936,-0.3915,0.1377,0.0294,-0.2103
2021-10-29,0.08,-0.0203,0.0928,-0.3861,0.1465,0.0675,-0.2141
2021-11-30,0.0765,-0.0716,0.0921,-0.374,0.1563,0.1535,-0.2141
2021-12-31,0.0799,-0.1065,0.0917,-0.3719,0.1574,0.1688,-0.2104
2022-01-31,0.0817,-0.0881,0.0922,-0.3666,0.1578,0.1748,-0.186
2022-02-28,0.0849,-0.1266,0.0929,-0.3613,0.1563,0.2027,-0.1752
2022-03-31,0.0889,-0.1893,0.0936,-0.3584,0.1539,0.1909,-0.1699
2022-04-29,0.0979,-0.1423,0.0945,-0.3471,0.1481,0.162,-0.1351
2022-05-31,0.1073,-0.1856,0.0957,-0.3437,0.1406,0.1958,-0.1351
2022-06-30,0.121,-0.0848,0.0971,-0.3176,0.1293,0.1541,-0.1351
2022-07-29,0.1252,-0.0576,0.0975,-0.3116,0.1265,0.1872,-0.1351
2022-08-31,0.1305,-0.0223,0.0982,-0.2993,0.1227,0.1705,-0.0957
2022-09-30,0.1377,0.0294,0.0994,-0.2831,0.115,0.1482,-0.0719
2022-10-31,0.1465,0.0675,0.1006,-0.2686,0.1057,0.1225,-0.0859
2022-11-30,0.1563,0.1535,0.102,-0.2466,0.0939,0.0602,-0.0859
2022-12-30,0.1574,0.1704,0.1025,-0.2416,0.0897,0.0596,-0.0859
2023-01-31,0.1578,0.1705,0.1028,-0.2367,0.0872,0.0732,-0.0859
2023-02-28,0.1562,0.1992,0.1032,-0.2283,0.0843,0.0349,-0.0859
2023-03-31,0.154,0.1881,0.1035,-0.2307,0.0817,0.1451,-0.0859
2023-04-28,0.1504,0.1694,0.1034,-0.2304,0.0846,0.1978,-0.0859
2023-05-31,0.1407,0.1967,0.1035,-0.2301,0.0847,0.2779,-0.0859
2023-06-30,0.1293,0.1484,0.1032,-0.2338,0.0838,0.305,-0.0859
2023-07-31,0.1267,0.1869,0.1033,-0.2307,0.0855,0.2794,-0.0789
2023-08-31,0.1229,0.1725,0.1034,-0.2275,0.0877,0.1729,-0.0699
2023-09-29,0.1157,0.1487,0.1035,-0.227,0.0864,0.1429,-0.0446
2023-10-31,0.1055,0.1201,0.1037,-0.2238,0.0834,0.1213,-0.0446
2023-11-30,0.0958,0.0676,0.104,-0.2166,0.0807,0.0379,-0.0446
2023-12-29,0.0902,0.0652,0.1041,-0.2144,0.083,0.0591,-0.0446
2024-01-31,0.087,0.0666,0.1041,-0.2119,0.0846,0.07,-0.0446
2024-02-29,0.0843,0.0349,0.1042,-0.207,0.0849,0.0477,-0.0446
2024-03-28,0.0823,0.1461,0.1043,-0.205,0.0883,-0.0154,-0.0534
2024-04-30,0.0846,0.1978,0.1045,-0.1994,0.1169,-0.1021,-0.1069
2024-05-31,0.0847,0.2779,0.1046,-0.1957,0.1185,-0.1167,-0.1069
2024-06-28,0.0841,0.302,0.1047,-0.1936,0.1187,-0.1299,-0.1069
2024-07-31,0.0855,0.2794,0.105,-0.1893,0.1166,-0.158,-0.1069
2024-08-30,0.087,0.1883,0.1054,-0.1912,0.1139,-0.1199,-0.1069
2024-09-30,0.0863,0.1494,0.1055,-0.1921,0.1124,-0.1079,-0.1069
2024-10-31,0.0834,0.1213,0.1053,-0.1894,0.113,-0.1241,-0.1069
2024-11-29,0.0807,0.0353,0.1054,-0.1894,0.1137,-0.1147,-0.1069
2024-12-31,0.083,0.0591,0.1056,-0.183,0.1114,-0.1368,-0.1058
2025-01-31,0.0849,0.0622,0.1057,-0.1765,0.1101,-0.1488,-0.1058
2025-02-28,0.084,0.055,0.1058,-0.1731,0.1092,-0.1873,-0.0909
2025-03-31,0.0882,-0.017,0.106,-0.18,0.1111,-0.0598,-0.0752
2025-04-30,0.1174,-0.0868,0.1089,-0.1803,0.0794,0.0717,-0.0604
2025-05-30,0.1188,-0.1127,0.1091,-0.1815,0.0774,0.1584,-0.0604
2025-06-30,0.1188,-0.127,0.1092,-0.1799,0.0823,0.2154,-0.0604
2025-07-31,0.1166,-0.143,0.1091,-0.1757,0.085,0.2386,-0.0604
2025-08-29,0.1136,-0.1284,0.109,-0.1731,0.0851,0.2905,-0.0604
2025-09-30,0.1124,-0.1102,0.1081,-0.1678,,,
2025-10-31,0.1134,-0.1221,0.108,-0.1662,,,
2025-11-28,0.1136,-0.1176,0.1081,-0.1657,,,
2025-12-31,0.1115,-0.1411,0.1079,-0.1643,,,
2026-01-30,0.1102,-0.1435,0.1076,-0.1587,,,
2026-02-27,0.1101,-0.1771,0.1073,-0.1574,,,
2026-03-31,0.1111,-0.0567,0.1078,-0.1482,,,
2026-04-30,0.0794,0.0716,0.108,-0.1452,,,
2026-05-29,0.0774,0.1596,0.1081,-0.1401,,,
2026-06-30,0.0824,0.2165,0.1085,-0.1357,,,
2026-07-31,0.0844,0.231,0.1085,-0.1277,,,
2026-08-31,0.085,0.2883,0.1086,-0.1252,,,
2026-09-11,0.0855,0.2949,0.1087,-0.1244,,,
